efpd,master_bu,ras_bu,delta_bu,master_ppm,ras_ppm,delta_ppm,master_keff,ras_keff,delta_pcm,master_ao,ras_ao,delta_ao,master_fqn,ras_fqn,delta_fqn,master_frn,ras_frn,delta_frn,master_fqp,ras_fqp,delta_fqp,master_frp,ras_frp,delta_frp,master_tfavg_c,ras_tfavg_c,delta_tfavg_c,master_tmavg_c,ras_tmavg_c,delta_tmavg_c,master_dmavg,ras_dmavg,delta_dmavg
0.0,0.0,0.0,0.0,767.96,770.1473205987376,2.1873205987375286,1.0,1.0000133191250162,1.331894761946728,-0.0967,-0.09575575198077864,0.0009442480192213554,1.7177,1.7130787987359193,-0.004621201264080721,1.2281,1.2294747742497547,0.00137477424975474,1.9724,1.9617648682668285,-0.010635131733171432,1.4108,1.4138189162162957,0.003018916216295686,697.86,683.251909871235,-14.60809012876507,308.53,308.4866048404573,-0.04339515954268336,0.706336,0.7063964880910651,6.0488091065180605e-05
2.5,0.0965,0.09648575149337552,-1.4248506624486845e-05,728.85,732.9486528632341,4.098652863234065,1.0,0.9999884097215785,-1.1590412757556123,-0.0877,-0.08475591199111905,0.002944088008880949,1.6815,1.6786824909612856,-0.002817509038714361,1.2271,1.230150197679754,0.0030501976797538966,1.9227,1.9148749246617367,-0.007825075338263376,1.4092,1.4088108250799238,-0.00038917492007617405,697.33,678.997625397455,-18.332374602545087,308.47,308.45453151740753,-0.015468482592496002,0.706507,0.7064928299108509,-1.4170089149057041e-05
5.0,0.193,0.19297519131045704,-2.4808689542965556e-05,704.31,707.3420720877,3.032072087700044,1.0,0.9999849747635773,-1.5025462183793081,-0.0872,-0.08270747009578534,0.004492529904214657,1.6696,1.662214461097801,-0.0073855389021990625,1.2205,1.2250309439852902,0.004530943985290303,1.9138,1.8962926090056755,-0.017507390994324412,1.4151,1.4120320229669634,-0.0030679770330366285,696.55,679.1477014647204,-17.402298535279556,308.46,308.4487740006359,-0.01122599936405777,0.706528,0.706512440389812,-1.5559610188065065e-05
10.0,0.386,0.3859594581136392,-4.054188636082312e-05,689.89,690.987203642622,1.0972036426220484,0.999999,0.9999915206096746,-0.747946122614529,-0.0871,-0.08362949323873606,0.003470506761263939,1.6503,1.642319530530335,-0.00798046946966502,1.2053,1.2087434740775262,0.0034434740775262096,1.9393,1.921560481424411,-0.017739518575589086,1.4277,1.427286800109238,-0.0004131998907619394,694.81,679.5138752717594,-15.296124728240557,308.46,308.42837998153277,-0.03162001846720841,0.706527,0.7065533596174034,2.6359617403381996e-05
15.0,0.5789,0.5789330493487252,3.3049348725278094e-05,690.35,689.9659314101555,-0.38406858984455994,1.0,1.0000024940941181,0.24940878976531522,-0.0862,-0.08264735793447257,0.0035526420655274255,1.6636,1.6407890682130088,-0.022810931786991118,1.2164,1.2103865913255336,-0.006013408674466314,1.9709,1.9497025635668226,-0.021197436433177508,1.4414,1.440270156492772,-0.001129843507228001,693.06,679.9033297743025,-13.15667022569744,308.44,308.4196958155994,-0.020304184400572467,0.706544,0.706562699452936,1.8699452936088434e-05
20.0,0.7719,0.7719104571155693,1.0457115569240116e-05,694.86,693.3000924609806,-1.5599075390193775,1.0,0.9999929980049499,-0.7002044078330272,-0.0849,-0.0810846391026012,0.003815360897398798,1.6891,1.6624787800782008,-0.026621219921799222,1.2283,1.221205719447926,-0.0070942805520739505,1.9956,1.9695304235788662,-0.026069576421133833,1.452,1.4495535845156051,-0.002446415484394837,691.34,680.2796603569257,-11.060339643074371,308.43,308.4039077397489,-0.02609226025111866,0.706571,0.7065893236395077,1.832363950771132e-05
30.0,1.1579,1.1578705397561309,-2.9460243869072755e-05,703.47,699.7851410617378,-3.6848589382622094,1.0,1.0000174491853433,1.744888087451546,-0.0791,-0.07581884913993771,0.0032811508600622957,1.7083,1.6786907898302947,-0.02960921016970519,1.2431,1.234665969596228,-0.008434030403771997,2.0067,1.9763413419790836,-0.030358658020916307,1.462,1.4579941098173785,-0.00400589018262143,688.16,680.9845350116883,-7.17546498831166,308.37,308.35593381982994,-0.01406618017006167,0.706682,0.7066884084559517,6.408455951678604e-06
45.0,1.7368,1.7368146026988365,1.460269883657439e-05,706.42,700.6514966012572,-5.768503398742723,1.0,0.9999976142352798,-0.2385770412116628,-0.0688,-0.06612796587405537,0.0026720341259446334,1.7062,1.672367264769469,-0.033832735230530986,1.2547,1.2443760050693056,-0.010323994930694358,1.9866,1.9508489231591302,-0.035751076840869755,1.4645,1.458197830517601,-0.006302169482398812,683.94,681.9828420359672,-1.957157964032831,308.29,308.2735177419985,-0.016482258001531136,0.706878,0.7068747457479765,-3.2542520235212535e-06
60.0,2.3158,2.315744489064381,-5.551093561884102e-05,700.62,693.0411890090514,-7.578810990948568,1.0,0.9999897349673881,-1.0265137983855865,-0.0597,-0.05750050092577513,0.00219949907422487,1.6902,1.653944119199279,-0.03625588080072095,1.2594,1.2480098116883156,-0.01139018831168448,1.9492,1.9125319261620304,-0.03666807383796966,1.4593,1.4515988290224997,-0.007701170977500338,680.22,682.966045397795,2.746045397795001,308.21,308.2139565555116,0.003956555511592796,0.707055,0.7070153970688712,-3.9602931128812635e-05
75.0,2.8947,2.8946835532693584,-1.6446730641384022e-05,689.86,680.5506629856853,-9.309337014314679,1.0,1.0000019843912675,0.19843873296787606,-0.0526,-0.051044200264201964,0.0015557997357980372,1.6801,1.6417466774832852,-0.03835332251671475,1.2623,1.2500438451906764,-0.012256154809323627,1.9107,1.8735018834654564,-0.037198116534543635,1.451,1.4422775121677196,-0.008722487832280468,676.81,683.9751038106779,7.16510381067792,308.15,308.1429321106501,-0.00706788934985525,0.707197,0.7071837421794404,-1.3257820559609002e-05
90.0,3.4736,3.473615935190727,1.5935190727400794e-05,676.79,665.8003342412759,-10.989665758724072,1.0,1.000017789144369,1.7788827920917072,-0.0475,-0.045845989333377635,0.0016540106666223658,1.6728,1.6321823993619076,-0.0406176006380925,1.2686,1.2553820133454883,-0.013217986654511682,1.8757,1.8374709668667044,-0.03822903313329551,1.4419,1.4324940799035912,-0.009405920096408726,673.57,684.9962375902365,11.426237590236497,308.11,308.0983656003168,-0.0116343996832029,0.707301,0.7072899431162872,-1.1056883712723398e-05
105.0,4.0526,4.052554000082944,-4.599991705589446e-05,663.17,650.8332684325316,-12.336731567468405,1.0,1.000019060262204,1.9059898917483942,-0.0446,-0.04264566304807504,0.0019543369519249634,1.6712,1.6292243699890363,-0.041975630010963716,1.275,1.2609196437401227,-0.014080356259877247,1.8615,1.8173579077408277,-0.044142092259172205,1.4331,1.4230058872177367,-0.010094112782263354,670.42,685.6682008490957,15.248200849095724,308.08,308.0693759193489,-0.010624080651098211,0.707359,0.707356835278792,-2.164721207953413e-06
120.0,4.6315,4.631486857663029,-1.3142336970695112e-05,650.12,636.832785958715,-13.287214041284983,1.000001,1.0000035511565208,0.2551144910212244,-0.0432,-0.040660214118290156,0.0025397858817098468,1.6772,1.6334714733855376,-0.04372852661446247,1.282,1.2671709497710224,-0.014829050228977625,1.8639,1.8163959036351813,-0.04750409636481856,1.4285,1.4149257671338538,-0.01357423286614634,667.24,685.8099745219972,18.56997452199721,308.06,308.04878185116786,-0.01121814883214256,0.707391,0.7074000224025054,9.022402505443061e-06
135.0,5.2104,5.210421124580653,2.1124580652731595e-05,638.63,624.4912350007772,-14.138764999222758,1.0,0.9999907312988902,-0.9268787019456326,-0.0439,-0.04033566652273251,0.0035643334772674923,1.6921,1.6462639630775426,-0.0458360369224573,1.2899,1.2743300391415795,-0.01556996085842055,1.8772,1.8253155424837801,-0.05188445751621984,1.4341,1.4190020123344032,-0.01509798766559678,663.99,685.4273445031621,21.43734450316208,308.06,308.0419567644076,-0.018043235592415385,0.707378,0.7074065752528502,2.8575252850271404e-05
150.0,5.7894,5.7893518440238925,-4.815597610718925e-05,629.5,614.3546673240226,-15.145332675977443,1.000001,1.0000062011951356,0.5201157681100632,-0.0465,-0.04134708257592236,0.005152917424077641,1.7197,1.6711678302103037,-0.04853216978969632,1.3001,1.2836535308541264,-0.016446469145873666,1.9035,1.8463439892650184,-0.057156010734981555,1.4422,1.4252801468275622,-0.016919853172437715,660.57,684.7566524672901,24.18665246729006,308.08,308.0432478229611,-0.036752177038863465,0.707328,0.7073879216141958,5.992161419587916e-05
165.0,6.3683,6.368287998454205,-1.2001545794504409e-05,623.06,607.7513387504806,-15.308661249519332,1.0,0.999988570418727,-1.142971190981612,-0.0505,-0.04371248414372692,0.006787515856273081,1.7542,1.7079872774285716,-0.04621272257142839,1.3099,1.29455205755198,-0.015347942448020069,1.9339,1.880107391065131,-0.053792608934869035,1.4508,1.4340704157283648,-0.01672958427163529,656.95,683.9469913457652,26.996991345765196,308.1,308.055628239395,-0.04437176060503134,0.70725,0.7073361157913245,8.611579132444813e-05
180.0,6.9473,6.9472235849803505,-7.641501964972264e-05,618.07,603.7941150813824,-14.275884918617635,0.999999,1.0000078193382531,0.8819278111582562,-0.0538,-0.04679725856547215,0.007002741434527851,1.7729,1.7436609142257218,-0.02923908577427814,1.3169,1.3053905178755223,-0.011509482124477666,1.9429,1.9071254176852541,-0.03577458231474595,1.4531,1.4409943972834454,-0.012105602716554698,653.26,682.8659902723699,29.605990272369922,308.13,308.07178745234546,-0.05821254765453432,0.707178,0.7072725876934766,9.45876934765888e-05
195.0,7.5262,7.526157287041783,-4.2712958217450137e-05,611.17,599.6665649232286,-11.503435076771325,0.999999,1.000006219801384,0.7219763698218529,-0.0537,-0.047167999010933284,0.0065320009890667136,1.7495,1.7430779857971643,-0.006422014202835724,1.3172,1.3094039973081564,-0.007796002691843551,1.907,1.8983126973372195,-0.008687302662780505,1.4438,1.4367382433658182,-0.007061756634181737,649.69,681.5239309902163,31.83393099021623,308.13,308.07536674237724,-0.05463325762275417,0.707157,0.7072508081164212,9.380811642112352e-05
210.0,8.1051,8.105095078596921,-4.921403078839148e-06,598.74,589.9992637091059,-8.74073629089412,1.000001,1.0000038855106692,0.28854965721247794,-0.0472,-0.04123360943623121,0.005966390563768791,1.6794,1.6863281104241592,0.006928110424159195,1.3099,1.3037364275761665,-0.006163572423833585,1.8272,1.8384598126593252,0.011259812659325297,1.4307,1.4243219050238054,-0.0063780949761946815,646.37,679.9637276778097,33.59372767780974,308.11,308.0413911307627,-0.06860886923732323,0.707246,0.7073429530446961,9.695304469603538e-05
225.0,8.6841,8.684034455506902,-6.55444930988125e-05,578.82,572.0292191004988,-6.790780899501215,1.0,0.9999893813223427,-1.0618790414751444,-0.0331,-0.02818299527499556,0.0049170047250044376,1.5991,1.6043330748423392,0.005233074842339258,1.2977,1.2921400498124005,-0.005559950187599583,1.7483,1.7483957829276138,9.57829276138078e-05,1.4172,1.4128611689618251,-0.004338831038174895,643.16,678.1818643373538,35.021864337353804,308.02,307.9745368765747,-0.045463123425292906,0.707485,0.7075360590932516,5.105909325153757e-05
240.0,9.263,9.262968998310486,-3.100168951419846e-05,551.96,546.2625007705966,-5.697499229403434,1.0,0.9999843757536525,-1.5624490468324481,-0.016,-0.013215746408154781,0.002784253591845219,1.5744,1.5669688781343034,-0.0074311218656966105,1.2872,1.2819595711980287,-0.005240428801971175,1.7279,1.7084749432113442,-0.019425056788655803,1.4013,1.3984886538960706,-0.002811346103929413,639.83,676.293106626955,36.46310662695498,307.91,307.88490039163776,-0.0250996083622681,0.707797,0.7077952180630315,-1.7819369685367903e-06
255.0,9.842,9.841905445293765,-9.455470623542794e-05,520.37,514.5193198529859,-5.850680147014145,1.0,0.9999999314161496,-0.006858385503960562,-0.0,0.02177956996246499,0.02177956996246499,1.5731,1.5928142269030394,0.019714226903039478,1.2776,1.2727840531107943,-0.0048159468892057244,1.7308,1.7415231522653767,0.01072315226537679,1.389,1.3868645417191567,-0.002135458280843272,636.2,674.5439947217284,38.343994721728336,307.8,307.92760091343337,0.1276009134333549,0.708112,0.7077542101203387,-0.0003577898796612855
270.0,10.4209,10.420846904426837,-5.309557316302005e-05,485.35,479.76933308072785,-5.580666919272176,1.0,0.9999999064358777,-0.009356413110950257,0.0137,0.00012660627978132409,-0.013573393720218676,1.5879,1.538625242048082,-0.04927475795191816,1.2703,1.2649770428456877,-0.005322957154312302,1.7474,1.6762064499310094,-0.07119355006899064,1.3799,1.3789889491745526,-0.0009110508254472904,632.18,672.5052455862891,40.32524558628916,307.69,307.639643591952,-0.05035640804800323,0.70841,0.708463969734693,5.39697346930712e-05
285.0,10.9998,10.999789617918267,-1.0382081732984716e-05,447.59,441.501653634791,-6.088346365208963,1.0,0.9999817952772052,-1.820505421279428,0.023,0.016930810687359844,-0.006069189312640156,1.6021,1.5668337201060023,-0.035266279893997776,1.2638,1.2587179263104582,-0.005082073689541833,1.7552,1.7078089265093799,-0.04739107349062022,1.3743,1.3732859758888138,-0.0010140241111862291,627.8,670.7166499975482,42.916649997548234,307.61,307.6852635257885,0.07526352578850037,0.708636,0.7084088884223543,-0.00022711157764576662
300.0,11.5788,11.578722004231622,-7.799576837719258e-05,407.84,400.9657213929257,-6.874278607074302,1.0,0.999995026249422,-0.4973775316274853,0.0283,0.019520830158073346,-0.008779169841926653,1.6043,1.5629933897015502,-0.04130661029844984,1.259,1.2536177618684357,-0.005382238131564243,1.7707,1.7014323894086372,-0.06926761059136277,1.3687,1.3678046680417695,-0.0008953319582305497,623.05,668.8286306770219,45.778630677021965,307.57,307.6464488465299,0.07644884652989958,0.708784,0.7085397900158213,-0.0002442099841786227
315.0,12.1577,12.157662644133328,-3.7355866671973104e-05,366.31,358.8897886249846,-7.420211375015413,1.0,0.9999817364072312,-1.826392633375029,0.031,0.02097398345468917,-0.01002601654531083,1.6125,1.5673765018449515,-0.04512349815504857,1.2541,1.2486862070542075,-0.005413792945792473,1.7649,1.7088011323056886,-0.05609886769431127,1.3627,1.361859862069209,-0.0008401379307909629,617.92,666.9306731069772,49.010673106977265,307.54,307.62543602193887,0.0854360219388468,0.708887,0.7086242395040316,-0.000262760495968406
330.0,12.7367,12.736598844524032,-0.00010115547596889485,323.21,315.08219665626444,-8.127803343735536,1.0,0.9999923378567895,-0.7662201919389489,0.0305,0.020951837013779274,-0.009548162986220726,1.6095,1.5661410768102937,-0.043358923189706244,1.2493,1.2438770093470863,-0.0054229906529137395,1.7673,1.7052592507634932,-0.06204074923650693,1.3567,1.3558566492812354,-0.0008433507187646239,612.39,665.0183155413828,52.62831554138279,307.54,307.62785064144157,0.0878506414415483,0.708915,0.708649789177789,-0.0002652108222109817
345.0,13.3156,13.315542240189922,-5.775981007793973e-05,279.06,270.27033644538983,-8.789663554610172,1.0,0.9999894940057912,-1.050610458586121,0.0284,0.018930824571489438,-0.009469175428510564,1.5968,1.553742589112711,-0.04305741088728898,1.2449,1.2392682618748643,-0.005631738125135621,1.7607,1.6933321409358173,-0.06736785906418263,1.3509,1.3500033296447682,-0.0008966703552317767,606.59,663.0734762259914,56.48347622599135,307.55,307.6346407376294,0.08464073762939961,0.708909,0.708660209889316,-0.00024879011068401624
360.0,13.8945,13.894467766480442,-3.2233519558388934e-05,233.8,224.46802194931874,-9.331978050681272,1.0,1.000000011575342,0.0011575341907210657,0.0251,0.017767546933562216,-0.007332453066437785,1.5803,1.5412449642012023,-0.039055035798797766,1.24,1.234766313400624,-0.005233686599376064,1.744,1.6811809847991266,-0.06281901520087341,1.3448,1.344179151597427,-0.0006208484025729266,601.07,661.0952615195478,60.02526151954771,307.58,307.65812165209695,0.07812165209696786,0.708871,0.7086281138863654,-0.00024288611363465495
375.0,14.4735,14.473404593167214,-9.540683278608242e-05,187.75,178.07722517724568,-9.67277482275432,1.0,1.0000196957693355,1.9695381419770897,0.0203,0.006852413995658566,-0.013447586004341433,1.5694,1.5164980130298265,-0.052901986970173454,1.2352,1.2303431174889872,-0.0048568825110129055,1.7201,1.655122273909209,-0.06497772609079089,1.3388,1.3384652717467023,-0.0003347282532977225,595.85,659.0706411887267,63.22064118872663,307.62,307.6689888963771,0.04898889637706816,0.70879,0.7086216092151987,-0.00016839078480135328
390.0,15.0524,15.052340799908027,-5.9200091973465874e-05,141.16,131.42589739925756,-9.734102600742432,1.0,1.0000007960348638,0.07960342300883383,0.0155,0.007330327714315187,-0.008169672285684812,1.5531,1.5119358516566603,-0.04116414834333959,1.2304,1.2258949267277914,-0.004505073272208504,1.6957,1.6497558095255869,-0.045944190474413116,1.3326,1.3325704322240342,-2.9567775965855247e-05,590.96,657.0457751191598,66.08577511915973,307.67,307.73806883171403,0.06806883171401523,0.708706,0.7084785547014243,-0.00022744529857565698
405.0,15.6313,15.631287208888548,-1.2791111451804227e-05,94.03,84.59957339347297,-9.430426606527035,1.0,0.999985455212034,-1.4544999519916502,0.0107,0.005285890617675866,-0.005414109382324134,1.5329,1.4988052342861153,-0.03409476571388459,1.2256,1.2216118781042333,-0.003988121895766694,1.6764,1.6339329117791266,-0.042467088220873306,1.3263,1.3267951725149458,0.0004951725149457964,586.22,654.9630681124927,68.74306811249267,307.71,307.7729891914729,0.06298919147292281,0.708622,0.7084102235688274,-0.00021177643117253897
420.0,16.2103,16.210233639725345,-6.636027465489747e-05,46.66,37.4831428431224,-9.176857156877595,1.0,0.9999999848035361,-0.0015196464087097183,0.0072,0.0036271620858365715,-0.0035728379141634283,1.5129,1.484499866907478,-0.028400133092521873,1.2208,1.2174937147724247,-0.0033062852275753674,1.6637,1.6163212308884352,-0.0473787691115648,1.3201,1.3211352259548061,0.001035225954806096,581.72,652.8313595669623,71.11135956696228,307.74,307.7863824696726,0.04638246967260784,0.70857,0.708388458538993,-0.00018154146100701762
